1,Марьяна
2,Мария
3,Анастасия
4,Анна
5,Варвара
6,Виктория
7,Амелия
8,Камила
9,Евангелина
10,Альбина
11,Владислава
12,Айлин
13,Евдокия
14,Марьям
15,Лейла
16,Мелисса
17,Амира
18,Оливия
19,Виталина
20,Станислава
21,Марьяна
22,Фатима
23,Влада
24,Дана
25,Мария
26,Анастасия
27,Виктория
28,София
29,Анна
30,Елизавета
31,Алиса
32,Дарья
33,Александра
34,Полина
35,Ксения
36,Варвара
37,Валерия
38,Екатерина
39,Арина
40,Вероника
41,Софья
42,Василиса
43,Милана
44,Ульяна
45,Ева
46,Кира
47,Вера
48,Маргарита
49,Таисия
50,Алёна
51,Кристина
52,Алина
53,Юлия
54,Елена
55,Диана
56,Амина
57,Ольга
58,Стефания
59,Евгения
60,Майя
61,Ангелина
62,Надежда
63,Яна
64,Марина
65,Есения
66,Татьяна
67,Эмилия
68,Мирослава
69,Элина
70,Злата
71,Агата
72,Ирина
73,Ярослава
74,Сафия
75,Аделина
76,Марьям
77,Евдокия
78,Антонина
79,Ясмина
80,Любовь
81,Нина
82,Олеся
83,Светлана
84,Ника
85,Николь
86,Карина
87,Алия
88,Лидия
89,Дарина
90,Милена
91,Лилия
92,Марьяна
93,Лейла
94,Мила
95,Камилла
96,Камила
97,Зоя
98,Амелия
99,Фатима
736,Амалия
737,Ариана
738,Марианна
739,Виолетта
740,Каролина
741,Альбина
742,Аиша
743,Марта
744,Амира
745,Аглая
746,Самира
747,Эмма
748,Малика
749,Раяна
750,Эвелина
751,Наталья
752,Анжелика
753,Айлин
754,Асия
755,Аяна
756,Агния
757,Милослава
758,Евангелина
759,Алисия
760,Сабина
761,Мария
762,Анна
763,Анастасия
764,София
765,Виктория
766,Елизавета
767,Александра
768,Полина
769,Алиса
770,Варвара
771,Дарья
772,Екатерина
773,Арина
774,Софья
775,Ксения
776,Вероника
777,Василиса
778,Валерия
779,Милана
780,Ульяна
781,Ева
782,Маргарита
783,Вера
784,Алёна
785,Ольга
786,Кира
787,Кристина
788,Юлия
789,Ангелина
790,Алина
791,Таисия
792,Диана
793,Амина
794,Яна
795,Евгения
796,Мирослава
797,Сафия
798,Ирина
799,Надежда
800,Елена
801,Стефания
802,Татьяна
803,Марина
804,Ника
805,Аделина
806,Майя
807,Элина
808,Эмилия
809,Олеся
810,Ясмина
811,Агата
812,Марьям
813,Аиша
814,Ярослава
815,Милена
816,Злата
817,Дарина
818,Любовь
819,Есения
820,Антонина
821,Камилла
822,Алия
823,Мила
824,Каролина
825,Агния
826,Эвелина
827,Светлана
828,Зоя
829,Камила
830,Евангелина
831,Владислава
832,Амелия
833,Лилия
834,Нина
835,Раяна
836,Марианна
837,Валентина
838,Карина
839,Лейла
840,Николь
841,Айлин
842,Юлиана
843,Малика
844,Ариана
845,Наталья
846,Анжелика
847,Мира
848,Марьяна
849,Самира
850,Виолетта
851,Мадина
852,Аглая
853,Лада
854,Лидия
855,Наталия
856,Евдокия
857,Марта
858,Алсу
859,Зарина
860,Амира
861,Мария
862,Анна
863,София
864,Анастасия
865,Елизавета
866,Виктория
867,Полина
868,Дарья
869,Алиса
870,Александра
871,Арина
872,Екатерина
873,Ксения
874,Вероника
875,Варвара
876,Милана
877,Василиса
878,Валерия
879,Ева
880,Софья
881,Ульяна
882,Маргарита
883,Кира
884,Кристина
885,Ольга
886,Таисия
887,Алёна
888,Диана
889,Юлия
890,Алина
891,Вера
,Мирослава
,Ангелина
,Амина
,Злата
,Елена
,Яна
,Евгения
,Татьяна
,Ирина
,Сафия
,Аделина
,Есения
,Элина
,Майя
,Стефания
,Марина
,Камилла
,Милена
,Надежда
,Нина
,Эмилия
,Агата
,Светлана
,Любовь
,Ярослава
,Агния
,Ника
,Лилия
,Малика
,Марьям
,Николь
,Амелия
,Антонина
,Алия
,Евангелина
,Олеся
,Ясмина
,Валентина
,Виолетта
,Мадина
,Самира
,Дарина
,Зоя
,Камила
,Марианна
,Мила
,Ариана
,Карина
,Оливия
,Дана
,Марьяна
,Наталия
,Серафима
,Альбина
,Аиша
,Евдокия
,Лада
,Мариам
,Марта
,Мира
,Наталья
,Пелагея
,Раяна
,Тамара
,Аглая
,Лидия
,Лина
,Медина
,Мелания
,Мария
,София
,Анна
,Виктория
,Алиса
,Анастасия
,Полина
,Елизавета
,Дарья
,Ксения
,Арина
,Варвара
,Александра
,Екатерина
,Василиса
,Валерия
,Софья
,Вероника
,Милана
,Ева
,Вера
,Кристина
,Ульяна
,Кира
,Диана
,Алёна
,Маргарита
,Алина
,Мирослава
,Амина
,Таисия
,Юлия
,Ангелина
,Ольга
,Ирина
,Татьяна
,Яна
,Евгения
,Стефания
,Злата
,Сафия
,Марьям
,Любовь
,Милена
,Елена
,Эмилия
,Лидия
,Ярослава
,Марина
,Элина
,Надежда
,Амелия
,Агата
,Есения
,Майя
,Анфиса
,Дарина
,Олеся
,Светлана
,Фатима
,Ясмина
,Агния
,Каролина
,Наталья
,Аделина
,Лилия
,Мила
,Ника
,Нина
,Аиша
,Амира
,Ариана
,Виолетта
,Евдокия
,Камила
,Карина
,Мадина
,Николь
,Сабина
,Антонина
,Зоя
,Эмма
,Камилла
,Марта
,Серафима
,Алия
,Евангелина
,Марфа
,Марьяна
,Моника
,Оливия
,Самира
,Сумая
,Айлин
,Алеся
,Владислава
,Хадиджа
,Эвелина
,Анжелика
,Валентина
,Мария
,София
,Анна
,Елизавета
,Анастасия
,Виктория
,Полина
,Дарья
,Александра
,Алиса
,Софья
,Варвара
,Екатерина
,Вероника
,Арина
,Василиса
,Валерия
,Ксения
,Вера
,Милана
,Ева
,Таисия
,Кира
,Ульяна
,Маргарита
,Ольга
,Алина
,Кристина
,Алёна
,Диана
,Юлия
,Татьяна
,Амина
,Злата
,Мирослава
,Евгения
,Надежда
,Эмилия
,Елена
,Стефания
,Аделина
,Есения
,Ирина
,Яна
,Ангелина
,Майя
,Сафия
,Элина
,Ярослава
,Марьям
,Светлана
,Марина
,Николь
,Милена
,Дарина
,Агата
,Любовь
,Оливия
,Ясмина
,Лилия
,Наталья
,Олеся
,Лидия
,Малика
,Мила
,Алисия
,Антонина
,Карина
,Нина
,Пелагея
,Владислава
,Камила
,Самира
,Фатима
,Марьяна
,Ника
,Агния
,Евдокия
,Марта
,Тамара
,Аглая
,Ариана
,Камилла
,Мадина
,Мия
,Серафима
,Эвелина
,Евангелина
,Амелия
,Альбина
,Аврора
,Алия
,Анфиса
,Виолетта
,Зоя
,Лейла
,Станислава
,Алеся
,Амалия
,Анисия
,Мария
,Анна
,Анастасия
,Елизавета
,София
,Виктория
,Полина
,Алиса
,Дарья
,Екатерина
,Александра
,Варвара
,Арина
,Ева
,Вероника
,Валерия
,Василиса
,Ксения
,Софья
,Милана
,Ульяна
,Таисия
,Кира
,Вера
,Маргарита
,Алёна
,Алина
,Кристина
,Злата
,Ольга
,Мирослава
,Амина
,Диана
,Ирина
,Юлия
,Стефания
,Марина
,Татьяна
,Ярослава
,Елена
,Евгения
,Марьям
,Надежда
,Элина
,Есения
,Ангелина
,Агата
,Нина
,Сафия
,Светлана
,Аделина
,Николь
,Эмилия
,Яна
,Агния
,Карина
,Ника
,Лилия
,Амира
,Лидия
,Любовь
,Майя
,Милена
,Ясмина
,Амелия
,Антонина
,Зоя
,Мадина
,Малика
,Оливия
,Фатима
,Ариана
,Алия
,Дарина
,Олеся
,Валентина
,Камилла
,Наталья
,Амалия
,Виолетта
,Евдокия
,Мира
,Пелагея
,Сабина
,Тамара
,Анфиса
,Аиша
,Дана
,Лейла
,Луиза
,Марианна
,Мия
,Нелли
,Самира
,Айлин
,Алсу
,Алеся
,Жасмин
,Лиана
,Мила
,Полина
,Алиса
,София
,Елизавета
,Дарья
,Александра
,Ксения
,Екатерина
,Арина
,Софья
,Милана
,Вероника
,Валерия
,Василиса
,Ева
,Ульяна
,Кира
,Татьяна
,Маргарита
,Таисия
,Алёна
,Кристина
,Алина
,Ольга
,Вера
,Евгения
,Юлия
,Ангелина
,Ирина
,Мирослава
,Амина
,Злата
,Диана
,Элина
,Эмилия
,Майя
,Марьям
,Яна
,Елена
,Милена
,Надежда
,Ника
,Сафия
,Дарина
,Ясмина
,Антонина
,Марина
,Николь
,Агата
,Карина
,Камилла
,Стефания
,Есения
,Нина
,Наталья
,Олеся
,Ариана
,Светлана
,Мадина
,Евангелина
,Аделина
,Мелания
,Камила
,Анжелика
,Малика
,Амелия
,Фатима
,Серафима
,Каролина
,Снежана
,Ярослава
,Аиша
,Адель
,Лидия
,Владислава
,Зоя
,Марьяна
,Валентина
,Лилия
,Станислава
,Эвелина
,Любовь
,Амалия
,Даниэла
,Людмила
,Алеся
,Тамара
,Ясмин
,Мила
,Анфиса
,Агния
,Альбина
,Мелисса
,Алисия
,Алия
,Мария
,Анастасия
,Анна
,Ксения
,Виктория
,София
,Елизавета
,Алиса
,Дарья
,Полина
,Александра
,Варвара
,Екатерина
,Арина
,Василиса
,Вероника
,Валерия
,Милана
,Софья
,Ева
,Татьяна
,Кира
,Ульяна
,Алина
,Алёна
,Маргарита
,Таисия
,Ольга
,Вера
,Кристина
,Диана
,Яна
,Мирослава
,Амина
,Ангелина
,Ирина
,Юлия
,Евгения
,Эмилия
,Светлана
,Агния
,Агата
,Елена
,Злата
,Надежда
,Ярослава
,Ника
,Марина
,Сафия
,Нина
,Элина
,Дарина
,Аделина
,Есения
,Мадина
,Наталья
,Ариана
,Николь
,Марьям
,Олеся
,Малика
,Карина
,Милена
,Майя
,Марта
,Айлин
,Марианна
,Фатима
,Амелия
,Лилия
,Ясмина
,Стефания
,Владислава
,Лейла
,Каролина
,Моника
,Виталина
,Сабина
,Лада
,Марьяна
,Влада
,Оливия
,Сумая
,Амира
,Анжелика
,Лидия
,Камилла
,Тамара
,Серафима
,Евангелина
,Алла
,Мила
,Наталия
,Алия
,Аиша
,Нелли
,Антонина
,Станислава
,Сумайя
,Зоя
,Мария
,Анна
,Анастасия
,Виктория
,София
,Алиса
,Дарья
,Полина
,Елизавета
,Екатерина
,Александра
,Ксения
,Варвара
,Василиса
,Вероника
,Арина
,Валерия
,Милана
,Софья
,Кира
,Ева
,Алёна
,Ульяна
,Вера
,Ольга
,Маргарита
,Алина
,Диана
,Кристина
,Таисия
,Юлия
,Яна
,Ирина
,Амина
,Мирослава
,Марина
,Ангелина
,Евгения
,Татьяна
,Елена
,Злата
,Ника
,Надежда
,Марта
,Элина
,Олеся
,Светлана
,Николь
,Аделина
,Милена
,Евдокия
,Дарина
,Ясмина
,Стефания
,Марианна
,Есения
,Зоя
,Валентина
,Владислава
,Агния
,Майя
,Ярослава
,Агата
,Раяна
,Нина
,Эмилия
,Алия
,Самира
,Сафия
,Лилия
,Антонина
,Малика
,Наталья
,Амелия
,Мадина
,Лада
,Сабина
,Лидия
,Камилла
,Аниса
,Карина
,Ариана
,Виолетта
,Марьяна
,Юлиана
,Алеся
,Любовь
,Мила
,Серафима
,Камила
,Альбина
,Марьям
,Станислава
,Амира
,Пелагея
,Жасмина
,Арууке
,Эмма
,Аделя
,Дана
,Мария
,Анастасия
,София
,Виктория
,Анна
,Дарья
,Полина
,Алиса
,Елизавета
,Варвара
,Александра
,Екатерина
,Арина
,Ксения
,Василиса
,Валерия
,Софья
,Вероника
,Ева
,Милана
,Ульяна
,Маргарита
,Вера
,Кира
,Кристина
,Таисия
,Юлия
,Алёна
,Ольга
,Алина
,Мирослава
,Ника
,Диана
,Амина
,Ирина
,Злата
,Татьяна
,Елена
,Надежда
,Яна
,Евгения
,Ярослава
,Марина
,Ангелина
,Светлана
,Майя
,Элина
,Стефания
,Есения
,Сафия
,Карина
,Милена
,Эмилия
,Наталья
,Аделина
,Лидия
,Дарина
,Олеся
,Лилия
,Зоя
,Марта
,Марьям
,Агата
,Николь
,Антонина
,Ариана
,Любовь
,Фатима
,Алия
,Владислава
,Евангелина
,Амелия
,Валентина
,Нина
,Марианна
,Малика
,Агния
,Евдокия
,Камилла
,Мила
,Лейла
,Каролина
,Людмила
,Лада
,Аглая
,Мадина
,Марьяна
,Алеся
,Самира
,Влада
,Амира
,Луиза
,Ясмина
,Нелли
,Василина
,Аврора
,Дина
,Серафима
,Алла
,Алисия
,Мария
,Виктория
,Елизавета
,София
,Дарья
,Анна
,Анастасия
,Александра
,Полина
,Алиса
,Екатерина
,Варвара
,Арина
,Ксения
,Вероника
,Софья
,Василиса
,Валерия
,Ева
,Милана
,Таисия
,Алёна
,Вера
,Диана
,Ульяна
,Кристина
,Маргарита
,Кира
,Ольга
,Майя
,Алина
,Ирина
,Амина
,Юлия
,Ника
,Евгения
,Татьяна
,Ярослава
,Яна
,Ангелина
,Сафия
,Злата
,Елена
,Мирослава
,Есения
,Аделина
,Стефания
,Любовь
,Надежда
,Элина
,Милена
,Нина
,Светлана
,Лидия
,Николь
,Агата
,Самира
,Лилия
,Наталья
,Эвелина
,Ясмина
,Дарина
,Карина
,Каролина
,Малика
,Лада
,Марина
,Эмилия
,Олеся
,Антонина
,Марианна
,Мадина
,Тамара
,Мила
,Алия
,Марта
,Серафима
,Зоя
,Анисия
,Ариана
,Сабина
,Анжелика
,Мария
,Анна
,София
,Виктория
,Анастасия
,Варвара
,Екатерина
,Елизавета
,Полина
,Александра
,Алиса
,Дарья
,Ксения
,Софья
,Валерия
,Вероника
,Арина
,Ева
,Василиса
,Милана
,Ульяна
,Кира
,Вера
,Маргарита
,Кристина
,Таисия
,Алёна
,Ольга
,Алина
,Ангелина
,Амина
,Яна
,Диана
,Мирослава
,Стефания
,Юлия
,Татьяна
,Есения
,Злата
,Эмилия
,Аделина
,Элина
,Марьям
,Ярослава
,Евгения
,Николь
,Марина
,Ника
,Милена
,Надежда
,Майя
,Агата
,Дарина
,Сафия
,Елена
,Ясмина
,Ирина
,Олеся
,Светлана
,Серафима
,Карина
,Любовь
,Оливия
,Лилия
,Нина
,Амелия
,Антонина
,Малика
,Марта
,Марьяна
,Мила
,Амира
,Агния
,Ариана
,Валентина
,Василина
,Камила
,Каролина
,Лидия
,Эвелина
,Алия
,Адель
,Владислава
,Зоя
,Камилла
,Людмила
,Наталья
,Самира
,Фатима
,Аиша
,Виолетта
,Милослава
,Нелли
,Сабина
,Анисия
,Аниса
,Аглая
,Алсу
,Мадина
,Марианна
,Мария
,София
,Анастасия
,Полина
,Варвара
,Алиса
,Анна
,Александра
,Виктория
,Ксения
,Елизавета
,Дарья
,Екатерина
,Арина
,Софья
,Василиса
,Милана
,Вероника
,Валерия
,Ева
,Ульяна
,Кира
,Вера
,Татьяна
,Таисия
,Маргарита
,Алёна
,Юлия
,Кристина
,Алина
,Диана
,Амина
,Мирослава
,Ольга
,Ангелина
,Евгения
,Стефания
,Яна
,Есения
,Злата
,Елена
,Ирина
,Аделина
,Агата
,Эмилия
,Николь
,Элина
,Майя
,Надежда
,Марина
,Сафия
,Дарина
,Ярослава
,Агния
,Нина
,Айлин
,Зоя
,Серафима
,Ясмина
,Лидия
,Аиша
,Лилия
,Марианна
,Милена
,Ника
,Раяна
,Светлана
,Антонина
,Камилла
,Сабина
,Самира
,Аглая
,Ариана
,Наталья
,Оливия
,Алия
,Алисия
,Аниса
,Виолетта
,Камила
,Лейла
,Любовь
,Малика
,Марьям
,Тамара
,Альбина
,Евдокия
,Мила
,Амалия
,Анфиса
,Асия
,Карина
,Олеся
,Фатима
,Анисия
,Аяна
,Жасмина
,Каролина
,Лиана
,Мадина
,Мария
,Анна
,София
,Анастасия
,Полина
,Виктория
,Ксения
,Елизавета
,Алиса
,Александра
,Мария
,София
,Виктория
,Анастасия
,Анна
,Полина
,Дарья
,Алиса
,Александра
,Варвара
,Мария
,Анастасия
,София
,Дарья
,Анна
,Виктория
,Полина
,Елизавета
,Александра
,Алиса
,Виктория
,Мария
,София
,Анастасия
,Анна
,Елизавета
,Алиса
,Александра
,Полина
,Дарья
,Мария
,София
,Виктория
,Алиса
,Анна
,Анастасия
,Полина
,Александра
,Ксения
,Елизавета
,Мария
,Анна
,Виктория
,Анастасия
,София
,Алиса
,Александра
,Полина
,Дарья
,Елизавета
,Мария
,Анна
,София
,Анастасия
,Виктория
,Алиса
,Полина
,Дарья
,Александра
,Елизавета
,Мария
,София
,Виктория
,Анна
,Полина
,Елизавета
,Анастасия
,Алиса
,Арина
,Дарья
,София
,Мария
,Анна
,Виктория
,Полина
,Анастасия
,Алиса
,Александра
,Дарья
,Екатерина
,Екатерина
,"София, Софья"
,Мария
,Анна
,Анастасия
,Виктория
,Полина
,Алиса
,Елизавета
,Варвара
,Александра
,София
,Анна
,Мария
,Виктория
,Екатерина
,Алиса
,Анастасия
,Александра
,Елизавета
,Варвара
,Елизавета
,Ксения
,Арина
,Василиса
,Вероника
,Валерия
,Ева
,Софья
,Милана
,Кира
,Ульяна
,Вера
,Маргарита
,Алина
,Кристина
,Мирослава
,Таисия
,Алёна
,Диана
,Ольга
,Амина
,Юлия
,Евгения
,Татьяна
,Ангелина
,Есения
,Элина
,Ника
,Ирина
,Майя
,Стефания
,Дарина
,Злата
,Марина
,Эмилия
,Агата
,Яна
,Николь
,Аделина
,Елена
,Любовь
,Агния
,Лидия
,Марта
,Надежда
,Нина
,Светлана
,Ясмина
,Марианна
,Сафия
,Евдокия
,Камила
,Наталья
,Амелия
,Марьям
,Милена
,Василина
,Виолетта
,Лилия
,Оливия
,Алия
,Фатима
,Аяна
,Камилла
,Мадина
,Самира
,Ариана
,Евангелина
,Карина
,Каролина
,Малика
,Раяна
,Сабина
,Амалия
,Зоя
,Катерина
,Марьяна
,Олеся
,Серафима
,Тамара
,Эмма
,Ярослава
,Аврора
,Аиша
,Антонина
,Валентина
,Владислава
,Дана
,Мия
,Полина
,Дарья
,Арина
,Ксения
,Ева
,Василиса
,Вероника
,Милана
,Вера
,Ульяна
,Маргарита
,Валерия
,Таисия
,Кира
,Диана
,Алёна
,Амина
,Есения
,Стефания
,Мирослава
,Алина
,Ангелина
,Яна
,Ольга
,Юлия
,Эмилия
,Кристина
,Злата
,Евгения
,Сафия
,Светлана
,Татьяна
,Ирина
,Ясмина
,Дарина
,Марина
,Марьям
,Надежда
,Николь
,Елена
,Аделина
,Алисия
,Ника
,Серафима
,Майя
,Алия
,Лейла
,Ярослава
,Агата
,Агния
,Милена
,Мия
,Элина
,Фатима
,Самира
,Нина
,Олеся
,Марьяна
,Аиша
,Владислава
,Лилия
,Айлин
,Малика
,Пелагея
,Наталья
,Марта
,Амелия
,Амира
,Анисия
,Любовь
,Зоя
,Зарина
,Антонина
,Аглая
,Моника
,Оливия
,Сумая
,Мира
,Алеся
,Анфиса
,Ариана
,Валентина
,Карина
,Камила
,Камилла
,Людмила
,Лидия
,Евдокия
,Даниэла
,Виолетта
,Екатерина
,Дарья
,Арина
,Ксения
,Ева
,Василиса
,Вероника
,Валерия
,Таисия
,Вера
,Милана
,Кира
,Ульяна
,Алёна
,Маргарита
,Алина
,Мирослава
,Есения
,Ольга
,Кристина
,Амина
,Юлия
,Злата
,Диана
,Стефания
,Яна
,Евгения
,Елена
,Сафия
,Татьяна
,Надежда
,Ангелина
,Ирина
,Майя
,Марьям
,Ясмина
,Дарина
,Наталья
,Эмилия
,Агата
,Аделина
,Николь
,Элина
,Светлана
,Ника
,Серафима
,Оливия
,Марина
,Мадина
,Амира
,Амелия
,Ярослава
,Олеся
,Марьяна
,Нина
,Милена
,Любовь
,Лидия
,Фатима
,Аяна
,Алия
,Лилия
,Марианна
,Малика
,Мия
,Тамара
,Самира
,Алисия
,Агния
,Аиша
,Антонина
,Карина
,Камила
,Зоя
,Каролина
,Лейла
,Ариана
,Наталия
,Мира
,Мила
,Раяна
,Элиза
,Анфиса
,Валентина
,Айлин
,Аглая
,Владислава
,Юлиана
,Адель
,Аврора
,Елизавета
,Варвара
,Ксения
,Вероника
,Софья
,Арина
,Ева
,Василиса
,Милана
,Вера
,Валерия
,Таисия
,Маргарита
,Алина
,Ульяна
,Алёна
,Кира
,Мирослава
,Амина
,Есения
,Злата
,Юлия
,Ольга
,Диана
,Яна
,Аделина
,Сафия
,Татьяна
,Елена
,Кристина
,Стефания
,Ирина
,Надежда
,Ярослава
,Ангелина
,Майя
,Евгения
,Ника
,Агата
,Эмилия
,Милена
,Элина
,Любовь
,Дарина
,Марьям
,Оливия
,Ясмина
,Олеся
,Алия
,Камилла
,Нина
,Светлана
,Амелия
,Аиша
,Антонина
,Малика
,Мадина
,Фатима
,Агния
,Камила
,Самира
,Ариана
,Марианна
,Николь
,Сабина
,Алисия
,Аглая
,Карина
,Марта
,Мила
,Айлин
,Лилия
,Наталья
,Эмма
,Амира
,Аяна
,Людмила
,Мира
,Пелагея
,Раяна
,Сара
,Серафима
,Эвелина
,Асия
,Зоя
,Лидия
,Мия
,Анфиса
,Владислава
,Зайнаб
,Александра
,Ксения
,Варвара
,Екатерина
,Василиса
,Софья
,Ева
,Вероника
,Валерия
,Вера
,Милана
,Ульяна
,Таисия
,Маргарита
,Кира
,Кристина
,Диана
,Алёна
,Алина
,Есения
,Мирослава
,Юлия
,Амина
,Ольга
,Евгения
,Яна
,Ангелина
,Злата
,Стефания
,Майя
,Ника
,Татьяна
,Эмилия
,Елена
,Милена
,Надежда
,Марьям
,Самира
,Аделина
,Ирина
,Агата
,Николь
,Ярослава
,Марина
,Элина
,Дарина
,Наталья
,Сафия
,Ариана
,Амелия
,Алия
,Зоя
,Марта
,Олеся
,Светлана
,Серафима
,Ясмина
,Алисия
,Агния
,Камила
,Мадина
,Евдокия
,Оливия
,Сабина
,Анфиса
,Аиша
,Айлин
,Виолетта
,Камилла
,Лидия
,Любовь
,Нина
,Адель
,Владислава
,Карина
,Каролина
,Малика
,Мелисса
,Фатима
,Марианна
,Марьяна
,Эвелина
,Аврора
,Альбина
,Мила
,Муслима
,Сумая
,Амира
,Анисия
,Евангелина
,Екатерина
,Арина
,Варвара
,Ксения
,Ева
,Вероника
,Василиса
,Милана
,Софья
,Валерия
,Ульяна
,Маргарита
,Вера
,Кира
,Кристина
,Юлия
,Алина
,Алёна
,Мирослава
,Ольга
,Таисия
,Диана
,Яна
,Ангелина
,Есения
,Амина
,Татьяна
,Злата
,Эмилия
,Майя
,Стефания
,Ника
,Елена
,Ирина
,Евгения
,Элина
,Сафия
,Аделина
,Агата
,Милена
,Серафима
,Ярослава
,Ясмина
,Дарина
,Светлана
,Зоя
,Марина
,Нина
,Амелия
,Оливия
,Лидия
,Ариана
,Марьям
,Надежда
,Алия
,Айлин
,Малика
,Николь
,Самира
,Агния
,Валентина
,Владислава
,Евдокия
,Наталья
,Камилла
,Карина
,Любовь
,Фатима
,Антонина
,Мадина
,Марианна
,Мира
,Арууке
,Юлиана
,Аиша
,Аглая
,Амира
,Дана
,Евангелина
,Каролина
,Лея
,Марьяна
,Мила
,Олеся
,Пелагея
,Раяна
,Эвелина
,Анисия
,Анфиса
,Камила
,Екатерина
,Арина
,Варвара
,Вероника
,Валерия
,Софья
,Ксения
,Василиса
,Ева
,Милана
,Ульяна
,Кира
,Алёна
,Кристина
,Юлия
,Алина
,Вера
,Диана
,Ольга
,Маргарита
,Таисия
,Ангелина
,Есения
,Мирослава
,Амина
,Евгения
,Татьяна
,Яна
,Майя
,Эмилия
,Елена
,Марина
,Ирина
,Сафия
,Стефания
,Агата
,Дарина
,Злата
,Милена
,Надежда
,Ясмина
,Олеся
,Марьям
,Николь
,Аиша
,Аделина
,Лилия
,Нина
,Элина
,Амелия
,Амира
,Антонина
,Марта
,Агния
,Ариана
,Асия
,Лидия
,Наталья
,Сабина
,Серафима
,Алия
,Валентина
,Владислава
,Зоя
,Мадина
,Самира
,Светлана
,Эвелина
,Юлиана
,Камилла
,Ника
,Пелагея
,Ярослава
,Карина
,Каролина
,Оливия
,Фатима
,Аниса
,Алисия
,Лея
,Марианна
,Медина
,Мира
,Мия
,Аглая
,Альбина
,Евангелина
,Любовь
,Малика
,Марьяна
,София
,Мария
,Анна
,Полина
,Алиса
,Анастасия
,Александра
,Варвара
,Виктория
,Елизавета
,Ксения
,Вероника
,Екатерина
,Дарья
,Арина
,Ева
,Василиса
,Валерия
,Милана
,Ульяна
,Таисия
,Мирослава
,Вера
,Кира
,Алёна
,Маргарита
,Татьяна
,Алина
,Амина
,Юлия
,Кристина
,Ангелина
,Сафия
,Эмилия
,Диана
,Ольга
,Есения
,Евгения
,Марьям
,Яна
,Нина
,Стефания
,Надежда
,Мелания
,Агата
,Аделина
,Елена
,Злата
,Ясмина
,Ирина
,Ярослава
,Дарина
,Элина
,Любовь
,Светлана
,Валентина
,Ника
,Николь
,Айлин
,Марина
,Оливия
,Амелия
,Амира
,Антонина
,Ариана
,Владислава
,Майя
,Амалия
,Теона
,Наталья
,Эвелина
,Аглая
,Зоя
,Милена
,Агния
,Евангелина
,Фатима
,Лилия
,Анжелика
,Малика
,Сабина
,Дина
,Камила
,Лейла
,Тамара
,Аяна
,Алия
,Камилла
,Лидия
,Аиша
,Серафима
,Сара
,Мира
,Олеся
,Анисия
,Сумая
,Элеонора
,Марьяна
,Самира
,Виолетта
,Дарья
,Варвара
,Арина
,Екатерина
,Василиса
,Валерия
,Софья
,Ева
,Милана
,Вероника
,Таисия
,Ульяна
,Алёна
,Маргарита
,Кристина
,Кира
,Вера
,Алина
,Мирослава
,Есения
,Диана
,Ольга
,Елена
,Амина
,Юлия
,Майя
,Сафия
,Ирина
,Ангелина
,Евгения
,Татьяна
,Яна
,Стефания
,Агата
,Злата
,Эмилия
,Дарина
,Светлана
,Аделина
,Ника
,Ясмина
,Надежда
,Марианна
,Нина
,Марьям
,Ярослава
,Агния
,Любовь
,Николь
,Тамара
,Фатима
,Оливия
,Элина
,Ариана
,Марина
,Милена
,Серафима
,Амелия
,Лидия
,Малика
,Мира
,Алисия
,Камилла
,Лилия
,Наталья
,Карина
,Мадина
,Марьяна
,Олеся
,Сабина
,Аврора
,Аиша
,Альбина
,Алия
,Антонина
,Лия
,Мия
,Нелли
,Эвелина
,Анжелика
,Амалия
,Зоя
,Каролина
,Сумая
,Эмма
,Амира
,Валентина
,Владислава
,Дана
,Евдокия
,Варвара
,Екатерина
,Арина
,Дарья
,Василиса
,Софья
,Ева
,Вероника
,Маргарита
,Валерия
,Милана
,Кира
,Ульяна
,Вера
,Ольга
,Татьяна
,Алина
,Евгения
,Кристина
,Мирослава
,Амина
,Таисия
,Алёна
,Ирина
,Эмилия
,Юлия
,Диана
,Майя
,Аделина
,Ангелина
,Злата
,Ника
,Стефания
,Есения
,Марьям
,Элина
,Яна
,Агата
,Надежда
,Ясмина
,Николь
,Нина
,Ярослава
,Агния
,Антонина
,Сафия
,Самира
,Светлана
,Елена
,Мадина
,Милена
,Олеся
,Амелия
,Дарина
,Карина
,Аиша
,Алия
,Каролина
,Марьяна
,Тамара
,Фатима
,Валентина
,Зоя
,Камилла
,Лидия
,Лилия
,Эвелина
,Амира
,Амалия
,Любовь
,Марина
,Мила
,Оливия
,Анжелика
,Айлин
,Владислава
,Камила
,Марианна
,Марта
,Мелисса
,Мия
,Альбина
,Евангелина
,Евдокия
,Мелания
,Эмма
,Арууке
,Анисия
,Аида
,Василина
,Екатерина
,Василиса
,Варвара
,Арина
,Ксения
,Вероника
,Софья
,Ева
,Валерия
,Милана
,Ульяна
,Кира
,Вера
,Маргарита
,Таисия
,Кристина
,Мирослава
,Алёна
,Ника
,Ольга
,Юлия
,Алина
,Диана
,Эмилия
,Амина
,Елена
,Есения
,Татьяна
,Сафия
,Евгения
,Надежда
,Ирина
,Марьям
,Николь
,Светлана
,Злата
,Элина
,Ангелина
,Лидия
,Аделина
,Дарина
,Майя
,Стефания
,Ясмина
,Амелия
,Любовь
,Марта
,Нина
,Ариана
,Агния
,Милена
,Яна
,Агата
,Каролина
,Марина
,Айлин
,Зоя
,Малика
,Наталья
,Аиша
,Олеся
,Фатима
,Оливия
,Ярослава
,Владислава
,Марианна
,Аврора
,Камилла
,Карина
,Мия
,Наталия
,Самира
,Камила
,Лилия
,Сабина
,Алия
,Амалия
,Антонина
,Евдокия
,Марьяна
,Пелагея
,Серафима
,Анфиса
,Аглая
,Альбина
,Алла
,Афина
,Эмма
,Алеся
,Василина
,Екатерина
,Варвара
,Арина
,Ева
,Василиса
,Ксения
,Вероника
,Софья
,Валерия
,Милана
,Маргарита
,Таисия
,Ульяна
,Вера
,Кира
,Майя
,Алина
,Кристина
,Мирослава
,Диана
,Ольга
,Есения
,Алёна
,Злата
,Амина
,Татьяна
,Евгения
,Сафия
,Елена
,Ника
,Юлия
,Яна
,Эмилия
,Ирина
,Дарина
,Агата
,Надежда
,Стефания
,Светлана
,Ангелина
,Алия
,Любовь
,Марьям
,Элина
,Ярослава
,Наталья
,Нина
,Фатима
,Аделина
,Зоя
,Карина
,Марина
,Айлин
,Николь
,Оливия
,Лилия
,Малика
,Милена
,Амелия
,Ясмина
,Владислава
,Камила
,Камилла
,Олеся
,Самира
,Аяна
,Евдокия
,Мила
,Мия
,Раяна
,Сабина
,Валентина
,Каролина
,Антонина
,Алла
,Аиша
,Лидия
,Серафима
,Адель
,Ариана
,Арууке
,Марта
,Эвелина
,Ани
,Агния
,Амалия
,Алисия
,Амира
,Василина
,Глафира
,София
,Мария
,Анна
,Ксения
,Алиса
,Анастасия
,Виктория
,Полина
,Александра
,Варвара
,Арина
,Елизавета
,Екатерина
,Дарья
,Василиса
,Ева
,Вероника
,Милана
,Валерия
,Ульяна
,Таисия
,Кристина
,Кира
,Алёна
,Маргарита
,Ольга
,Вера
,Диана
,Татьяна
,Мирослава
,Алина
,Амина
,Юлия
,Есения
,Стефания
,Эмилия
,Мелания
,Ника
,Яна
,Сафия
,Ирина
,Ярослава
,Элина
,Евгения
,Злата
,Дарина
,Агата
,Николь
,Олеся
,Надежда
,Майя
,Камила
,Агния
,Марьям
,Нина
,Марина
,Ясмина
,Ангелина
,Аделина
,Амелия
,Елена
,Светлана
,Милена
,Наталья
,Оливия
,Альбина
,Айлин
,Антонина
,Любовь
,Раяна
,Мия
,Каролина
,Зоя
,Анжелика
,Ариана
,Валентина
,Амалия
,Мадина
,Малика
,Лидия
,Алия
,Аиша
,Лилия
,Лейла
,Милослава
,Мира
,Марианна
,Серафима
,Станислава
,Фатима
,Хадижа
,Лада
,Карина
,Изабелла
,Евдокия
,Галина
,Амира
,Аксинья
,Белла
,Ани
,София
,Анна
,Мария
,Алиса
,Лея
,Дарья
,Айша
,Аяна
,Виктория
,Юлиана
,Екатерина
,Анастасия
,Асия
,Полина
,Ариана
,Алисия
,Александра
,Амалия
,Алеся
,Адель
,Елизавета
,Мелания
,Марианна
,Варвара
,Малика
,Ева
,Мира
,Фатима
,Ксения
,Олеся
,Арина
,Аврора
,Амира
,Василиса
,Аглая
,Милана
,Валентина
,Оливия
,Вероника
,Самира
,Валерия
,Лидия
,Ульяна
,Лейла
,Кира
,Вера
,Таисия
,Алёна
,Ольга
,Мирослава
,Маргарита
,Кристина
,Юлия
,Амина
,Алина
,Сафия
,Ника
,Ирина
,Карина
,Диана
,Агата
,Евгения
,Антонина
,Аиша
,Есения
,Лилия
,Нина
,Наталья
,Ярослава
,Елена
,Николь
,Алия
,Айлин
,Зоя
,Марта
,Марьяна
,Мила
,Стефания
,Серафима
,Раяна
,Милена
,Майя
,Мия
,Эмилия
,Агния
,Амелия
,Яна
,Надежда
,Любовь
,Марина
,Марьям
,"Камила, Камилла"
,Татьяна
,Аделина
,Ангелина
,Злата
,Дарина
,Ясмина
,Элина
,Светлана
,София
,Мария
,Анна
,Виктория
,Дарья
,Анастасия
,Полина
,Алиса
,Варвара
,Александра
,Елизавета
,Екатерина
,Ева
,Василиса
,Арина
,Ксения
,Вероника
,Милана
,Валерия
,Ульяна
,Мирослава
,Кира
,Юлия
,Таисия
,Кристина
,Вера
,Маргарита
,Алёна
,Алина
,Амина
,Диана
,Ольга
,Ника
,Злата
,Аделина
,Елена
,Есения
,Майя
,Стефания
,Яна
,Евгения
,Агата
,Ангелина
,Сафия
,Эмилия
,Дарина
,Ирина
,Татьяна
,Марина
,Амелия
,Ясмина
,Агния
,Марта
,Марьям
,Аиша
,Наталья
,Зоя
,Любовь
,Мелания
,Николь
,Олеся
,Лидия
,Мира
,Милена
,Фатима
,Алия
,Сабина
,Надежда
,Нина
,Марьяна
