1,Александр
2,Михаил
3,Иван
4,Максим
5,Артём
6,Даниил
7,Дмитрий
8,Кирилл
9,Андрей
10,Егор
11,Илья
12,Алексей
13,Владимир
14,Матвей
15,Тимофей
16,Ярослав
17,Роман
18,Фёдор
19,Никита
20,Марк
21,Сергей
22,Николай
23,Владислав
24,Степан
25,Глеб
26,Лев
27,Павел
28,Евгений
29,Арсений
30,Константин
31,Георгий
32,Григорий
33,Тимур
34,Макар
35,Игорь
36,Руслан
37,Пётр
38,Виктор
39,Денис
40,Семён
41,Платон
42,Артемий
43,Богдан
44,Василий
45,Юрий
46,Давид
47,Данила
48,Леонид
49,Антон
50,Вячеслав
51,Амир
52,Захар
53,Мирон
54,Савелий
55,Всеволод
56,Артур
57,Адам
58,Елисей
59,Родион
60,Олег
61,Филипп
62,Даниэль
63,Вадим
64,Лука
65,Демид
66,Умар
67,Святослав
68,Ян
69,Дамир
70,Данил
71,Тихон
72,Борис
73,Гордей
74,Артем
75,Роберт
76,Серафим
77,Мирослав
78,Валерий
79,Виталий
80,Мухаммад
81,Марат
82,Станислав
83,Муслим
84,Амин
85,Герман
86,Камиль
87,Савва
88,Али
89,Тамерлан
90,Юсуф
91,Яков
92,Рустам
93,Эмиль
94,Билал
95,Нурислам
96,Данис
97,Ислам
98,Эрик
99,Игнат
736,Артемий
737,Мирон
738,Семён
739,Григорий
740,Евгений
741,Леонид
742,Антон
743,Игорь
744,Пётр
745,Данила
746,Захар
747,Богдан
748,Даниэль
749,Руслан
750,Василий
751,Олег
752,Вадим
753,Виктор
754,Дамир
755,Тихон
756,Юрий
757,Демид
758,Герман
759,Амир
760,Савва
761,Савелий
762,Вячеслав
763,Елисей
764,Родион
765,Данил
766,Святослав
767,Роберт
768,Лука
769,Мухаммад
770,Станислав
771,Умар
772,Мирослав
773,Али
774,Артур
775,Всеволод
776,Серафим
777,Филипп
778,Артем
779,Адам
780,Анатолий
781,Борис
782,Демьян
783,Эмир
784,Виталий
785,Эмиль
786,Гордей
787,Максимилиан
788,Марат
789,Алихан
790,Валерий
791,Ильяс
792,Эрик
793,Данияр
794,Камиль
795,Федор
796,Ян
797,Аким
798,Данис
799,Карим
800,Леон
801,Максим
802,Александр
803,Михаил
804,Артём
805,Дмитрий
806,Иван
807,Даниил
808,Тимофей
809,Матвей
810,Илья
811,Егор
812,Никита
813,Андрей
814,Кирилл
815,Роман
816,Ярослав
817,Владимир
818,Алексей
819,Марк
820,Степан
821,Лев
822,Фёдор
823,Сергей
824,Арсений
825,Глеб
826,Владислав
827,Павел
828,Георгий
829,Константин
830,Тимур
831,Денис
832,Евгений
833,Давид
834,Григорий
835,Макар
836,Семён
837,Николай
838,Данила
839,Руслан
840,Артемий
841,Виктор
842,Захар
843,Игорь
844,Амир
845,Леонид
846,Вячеслав
847,Платон
848,Антон
849,Даниэль
850,Елисей
851,Олег
852,Артур
853,Богдан
854,Демид
855,Мирон
856,Пётр
857,Всеволод
858,Святослав
859,Умар
860,Василий
861,Лука
862,Вадим
863,Герман
864,Мухаммад
865,Тихон
866,Юрий
867,Борис
868,Али
869,Адам
870,Гордей
871,Родион
872,Федор
873,Дамир
874,Савелий
875,Роберт
876,Арсен
877,Демьян
878,Мирослав
879,Валерий
880,Марат
881,Станислав
882,Филипп
883,Артем
884,Данил
885,Муслим
886,Эмин
887,Анатолий
888,Савва
889,Эмир
890,Яков
891,Ибрагим
